{"cameraMode":{"drawMode":0,"name":"Shaded","section":"Shading Mode"},"sceneLighting":true,"audioPlay":false,"sceneViewState":{"showFog":true,"showMaterialUpdate":false,"showSkybox":true,"showFlares":true,"showImageEffects":true,"showParticleSystems":true},"in2DMode":false,"pivot":{"x":821.8289184570313,"y":394.0472412109375,"z":0.0},"rotation":{"x":-0.0033861675765365364,"y":0.9841403365135193,"z":-0.17634952068328858,"w":-0.01889691688120365},"size":975.3165893554688,"orthographic":false}